{
  "name": "star-wars-galaxy-travel",
  "title": "Star Wars Galaxy Travel Module",
  "description": "A Foundry VTT module for navigating the Star Wars galaxy, calculating travel times, and managing hyperspace travel mechanics.",
  "version": "1.0.0",
  "authors": [
    {
      "name": "grumpkin",
      "contact": ""
    }
  ],
  "esmodules": ["scripts/starwars-travel.js"],
  "languages": [],
  "compatibility": {
    "minimum": "10",
    "verified": "12"
  },
  "relationships": {
    "requires": []
  },
  "system": ["StarWarsFFG"],
  "packs": [],
  "grid": true,
  "url": "",
  "manifest": "",
  "download": ""
}
